{
  "project_info": {
    "project_number": "52043584824",
    "project_id": "maintenance-f4b11",
    "storage_bucket": "maintenance-f4b11.appspot.com"
  },
  "client": [
    {
      "client_info": {
        "mobilesdk_app_id": "1:52043584824:android:5b66c7af19f66350ab1dcd",
        "android_client_info": {
          "package_name": "com.homeservices.app.book_services"
        }
      },
      "oauth_client": [
        {
          "client_id": "52043584824-cuheudabp6iem3ij9h06vdjuu5lrmldg.apps.googleusercontent.com",
          "client_type": 3
        }
      ],
      "api_key": [
        {
          "current_key": "AIzaSyCAanLQ45FFbGrWh59cYgCb27IUOR8tmCg"
        }
      ],
      "services": {
        "appinvite_service": {
          "other_platform_oauth_client": [
            {
              "client_id": "52043584824-cuheudabp6iem3ij9h06vdjuu5lrmldg.apps.googleusercontent.com",
              "client_type": 3
            }
          ]
        }
      }
    }
  ],
  "configuration_version": "1"
}